title_before,title_after
000,002
000,003
000,004
002,007
002,010
011,022
011,023
011,025
009,018
009,021
006,015
006,014
008,015
008,021
022,033
005,014
005,015
018,032
012,022
018,031
012,023
005,008
012,025
025,037
025,038
025,040
025,039
008,017
006,017
016,061
015,061
004,011
004,012
004,009
017,031
017,032
006,016
001,005
001,006
001,007
001,010
015,026
003,006
003,009
003,011
003,012
014,061
014,026
021,033
018,029
018,030
034,055
033,054
033,055
009,019
053,068
016,026
010,008
010,016
010,018
010,021
021,034
033,053
054,072
037,057
037,058
038,057
038,059
038,060
038,062
034,053
034,054
083,094
040,057
040,059
040,060
040,062
053,067
053,070
050,067
050,068
050,070
086,097
086,098
023,037
023,038
023,039
023,040
071,083
071,084
071,085
071,086
021,036
022,034
022,036
058,073
058,075
058,076
060,076
060,077
062,075
062,076
062,077
062,078
015,027
070,083
070,084
070,085
070,086
014,027
048,063
048,064
017,029
017,030
052,067
052,068
052,070
052,069
028,041
028,042
028,047
028,048
041,063
041,064
041,065
041,066
049,063
049,064
049,065
049,066
014,028
106,110
106,107
098,103
098,104
098,105
098,106
099,107
099,110
016,027
016,028
008,020
054,071
054,073
054,074
106,109
099,109
048,065
048,066
075,087
075,088
075,089
075,090
078,087
078,088
078,089
078,090
053,069
021,035
015,028
050,069
103,107
103,109
103,110
004,013
002,013
011,024
012,024
013,024
060,078
058,074
063,079
063,080
067,080
063,081
063,082
066,082
067,082
079,091
079,092
082,092
083,092
079,093
082,093
083,093
086,095
087,095
090,095
086,096
087,096
090,096
102,107
102,108
102,109
102,110
094,102
094,101
094,100
094,099
000,001
005,016
007,014
007,030
007,019
007,020
009,020
013,022
013,023
013,025
019,029
019,031
019,032
020,033
020,034
020,035
020,036
022,035
019,034
024,037
024,038
024,039
024,040
029,041
029,042
029,047
029,048
030,049
030,050
030,051
030,052
031,049
031,050
031,051
031,052
032,049
032,050
032,051
032,052
035,053
035,054
035,055
033,056
034,056
035,056
036,056
036,057
036,058
036,059
037,056
037,059
056,071
056,072
056,073
056,074
060,075
061,041
061,042
061,047
061,048
066,079
066,080
066,081
067,079
067,081
074,083
074,084
074,085
074,086
079,094
082,094
082,091
083,091
087,097
087,098
090,097
090,098
091,099
091,100
091,101
091,102
095,103
095,104
095,105
095,106
099,108
103,108
106,108
002,005
