idunit,title
220,000
289,001
257,002
261,003
254,004
262,005
266,006
268,007
256,008
267,009
272,010
258,011
255,012
362,013
274,014
265,015
284,016
282,017
253,018
293,019
341,020
260,021
271,022
263,023
363,024
269,025
291,026
329,027
349,028
294,029
296,030
278,031
280,032
277,033
301,034
338,035
327,036
276,037
279,038
273,039
281,040
350,041
351,042
337,047
342,048
317,049
295,050
314,051
347,052
305,053
303,054
302,055
339,056
306,057
307,058
308,059
309,060
275,061
310,062
343,063
344,064
353,065
352,066
316,067
297,068
348,069
318,070
334,071
315,072
328,073
340,074
326,075
331,076
332,077
333,078
364,079
365,080
366,081
367,082
319,083
330,084
312,085
325,086
358,087
359,088
360,089
361,090
368,091
369,092
370,093
292,094
371,095
372,096
321,097
322,098
323,099
345,100
298,101
346,102
335,103
299,104
336,105
324,106
313,107
355,108
357,109
320,110
379,prova
